precip,temp_max,temp_min
0.0,80.0,42.0
0.0,-17.0,-22.0
0.05,40.0,28.0
0.03,35.0,20.0
0.0,47.0,28.0
0.0,17.0,2.0
0.0,77.0,49.0
0.0,43.0,18.0
0.0,47.0,15.0
1.27,46.0,36.0
0.0,73.0,45.0
0.0,42.0,27.0
0.0,42.0,4.0
0.0,64.0,35.0
0.63,50.0,44.0
0.02,41.0,31.0
0.0,70.0,44.0
0.0,51.0,24.0
0.0,49.0,29.0
0.0,-6.0,-20.0
0.0,40.0,20.0
0.0,55.0,30.0
0.0,60.0,33.0
0.0,50.0,30.0
0.0,62.0,50.0
0.0,37.0,13.0
0.28,57.0,40.0
0.0,60.0,27.0
0.1,62.0,38.0
0.0,41.0,26.0
0.07,59.0,43.0
0.0,50.0,21.0
0.0,51.0,34.0
0.0,47.0,25.0
0.0,61.0,44.0
0.01,59.0,32.0
0.1,69.0,55.0
0.04,66.0,49.0
0.21,58.0,45.0
0.0,55.0,34.0
0.0,79.0,48.0
0.0,31.0,2.0
0.0,20.0,-2.0
0.0,64.0,36.0
0.0,40.0,13.0
0.0,28.0,3.0
0.0,46.0,19.0
0.06,32.0,23.0
0.0,88.0,52.0
0.0,46.0,20.0
0.02,40.0,31.0
0.0,50.0,41.0
0.0,40.0,19.0
0.0,77.0,49.0
0.0,50.0,25.0
0.0,70.0,50.0
0.0,61.0,39.0
0.0,49.0,32.0
0.0,33.0,11.0
0.06,49.0,27.0
0.02,-5.0,-16.0
0.0,65.0,46.0
0.0,26.0,0.0
0.0,55.0,29.0
0.0,71.0,47.0
0.0,69.0,48.0
0.0,11.0,7.0
0.0,20.0,0.0
0.0,49.0,16.0
0.0,31.0,17.0
0.0,72.0,42.0
0.0,76.0,54.0
0.0,12.0,-15.0
0.0,76.0,44.0
0.0,18.0,8.0
0.0,48.0,28.0
0.0,58.0,31.0
0.18,46.0,38.0
0.13,56.0,43.0
0.0,67.0,44.0
0.0,7.0,-8.0
0.04,61.0,41.0
0.0,30.0,23.0
0.0,48.0,28.0
0.0,75.0,45.0
0.0,70.0,43.0
0.0,97.0,58.0
0.0,72.0,48.0
0.0,67.0,44.0
0.0,56.0,33.0
0.0,33.0,19.0
0.0,23.0,5.0
0.0,42.0,18.0
0.01,1.0,-21.0
0.0,49.0,25.0
0.14,76.0,50.0
0.0,56.0,33.0
0.03,90.0,49.0
0.0,32.0,-8.0
0.06,19.0,12.0
0.0,80.0,53.0
0.0,47.0,32.0
0.0,55.0,27.0
0.0,39.0,19.0
0.0,72.0,42.0
0.0,79.0,34.0
0.0,60.0,24.0
0.07,43.0,35.0
0.0,59.0,39.0
0.0,58.0,29.0
0.01,62.0,34.0
0.0,58.0,30.0
0.13,61.0,43.0
0.0,40.0,7.0
0.09,72.0,46.0
0.01,5.0,-5.0
0.01,13.0,5.0
0.07,49.0,32.0
0.0,82.0,56.0
0.0,34.0,7.0
0.0,74.0,53.0
0.0,74.0,32.0
0.0,50.0,23.0
0.0,28.0,2.0
0.59,56.0,46.0
0.0,17.0,5.0
0.0,59.0,35.0
0.0,45.0,28.0
0.0,81.0,46.0
0.0,62.0,29.0
0.0,85.0,39.0
1.16,54.0,45.0
0.0,44.0,29.0
0.1,81.0,56.0
0.0,62.0,41.0
0.0,38.0,29.0
0.03,66.0,43.0
0.0,20.0,-10.0
0.01,41.0,26.0
0.0,67.0,40.0
0.0,42.0,21.0
0.0,44.0,19.0
0.0,8.0,1.0
0.0,48.0,42.0
0.0,76.0,47.0
0.02,36.0,23.0
0.0,64.0,41.0
0.0,-3.0,-11.0
0.0,83.0,49.0
0.0,44.0,14.0
0.01,65.0,45.0
0.0,48.0,16.0
0.0,46.0,20.0
0.0,45.0,28.0
0.0,34.0,20.0
0.01,76.0,54.0
0.0,66.0,34.0
0.0,31.0,15.0
0.0,46.0,26.0
0.07,44.0,14.0
0.01,75.0,55.0
0.0,59.0,37.0
0.0,-2.0,-17.0
0.0,69.0,42.0
0.0,69.0,49.0
0.0,68.0,36.0
0.0,76.0,53.0
0.0,74.0,53.0
0.0,71.0,44.0
0.0,76.0,52.0
0.0,30.0,2.0
0.0,70.0,35.0
0.17,26.0,8.0
0.0,15.0,-15.0
0.0,45.0,24.0
0.0,18.0,-3.0
0.0,56.0,27.0
0.02,70.0,44.0
0.0,48.0,21.0
0.2,55.0,44.0
0.0,47.0,17.0
0.0,47.0,7.0
0.04,34.0,9.0
0.0,58.0,39.0
0.0,80.0,51.0
0.44,36.0,29.0
0.0,72.0,45.0
0.0,71.0,43.0
0.02,5.0,-11.0
0.0,74.0,49.0
0.0,31.0,9.0
0.09,65.0,44.0
0.0,46.0,26.0
0.0,34.0,18.0
0.0,43.0,17.0
0.0,41.0,35.0
0.0,4.0,-16.0
0.0,38.0,16.0
0.0,2.0,-14.0
0.0,24.0,5.0
0.01,91.0,54.0
0.1,65.0,47.0
0.08,72.0,47.0
0.02,22.0,18.0
0.02,27.0,13.0
0.02,78.0,47.0
0.0,52.0,30.0
0.0,63.0,37.0
0.0,65.0,40.0
0.0,70.0,40.0
0.0,56.0,33.0
0.0,37.0,20.0
0.05,26.0,16.0
0.0,36.0,17.0
0.0,52.0,25.0
0.0,79.0,54.0
0.0,17.0,4.0
0.0,38.0,13.0
0.0,51.0,25.0
0.0,70.0,40.0
0.01,4.0,-16.0
0.21,46.0,44.0
0.02,35.0,9.0
0.07,64.0,52.0
0.0,42.0,17.0
0.0,55.0,32.0
0.0,67.0,41.0
0.0,35.0,24.0
0.0,70.0,51.0
0.0,34.0,25.0
0.03,53.0,38.0
0.0,73.0,43.0
0.0,53.0,18.0
0.0,50.0,22.0
0.0,46.0,27.0
0.0,68.0,38.0
0.0,65.0,41.0
0.0,32.0,16.0
0.01,74.0,47.0
0.0,46.0,24.0
0.03,79.0,41.0
0.02,65.0,41.0
0.04,27.0,8.0
0.0,59.0,35.0
0.0,29.0,16.0
0.0,58.0,17.0
0.0,67.0,47.0
0.0,46.0,29.0
0.68,67.0,52.0
0.0,49.0,13.0
0.0,62.0,35.0
0.12,29.0,17.0
0.0,47.0,21.0
0.0,64.0,45.0
0.0,5.0,-5.0
0.0,77.0,52.0
0.04,73.0,39.0
0.02,47.0,25.0
0.0,53.0,25.0
0.82,74.0,52.0
0.0,62.0,43.0
0.0,70.0,45.0
0.0,18.0,9.0
0.01,0.0,-4.0
0.0,37.0,11.0
0.12,84.0,53.0
0.02,23.0,6.0
0.0,25.0,4.0
0.0,50.0,34.0
0.01,51.0,28.0
0.2,67.0,47.0
0.0,78.0,52.0
0.01,32.0,0.0
0.0,-7.0,-16.0
0.16,59.0,33.0
0.0,61.0,50.0
0.01,16.0,0.0
0.01,46.0,1.0
1.72,62.0,52.0
0.0,44.0,28.0
0.0,71.0,48.0
0.0,31.0,18.0
0.0,23.0,17.0
0.0,25.0,0.0
0.0,47.0,24.0
0.04,75.0,39.0
0.0,70.0,36.0
0.0,6.0,2.0
0.01,71.0,47.0
0.0,17.0,8.0
0.0,52.0,33.0
0.0,21.0,9.0
0.0,23.0,18.0
0.0,28.0,14.0
0.0,68.0,38.0
0.0,70.0,46.0
0.0,88.0,54.0
0.0,40.0,17.0
0.0,38.0,14.0
0.05,27.0,16.0
0.0,56.0,37.0
0.0,38.0,10.0
0.6,54.0,44.0
0.0,76.0,58.0
0.0,78.0,54.0
0.0,40.0,24.0
0.05,19.0,2.0
0.0,52.0,29.0
0.0,60.0,32.0
0.01,36.0,25.0
0.0,45.0,24.0
0.11,61.0,39.0
0.04,36.0,28.0
0.04,79.0,56.0
0.16,65.0,53.0
0.0,36.0,17.0
0.0,51.0,31.0
0.07,63.0,44.0
0.04,14.0,-4.0
0.2,48.0,20.0
0.0,75.0,39.0
0.02,65.0,44.0
0.0,76.0,47.0
0.0,74.0,46.0
0.0,78.0,52.0
0.0,25.0,17.0
0.0,63.0,31.0
0.0,42.0,23.0
0.0,60.0,33.0
0.0,73.0,49.0
0.12,69.0,49.0
0.0,41.0,15.0
0.05,-1.0,-7.0
0.0,58.0,32.0
0.0,59.0,38.0
0.0,71.0,35.0
0.0,75.0,54.0
0.0,70.0,50.0
0.0,68.0,40.0
0.02,33.0,0.0
0.0,20.0,13.0
0.0,41.0,22.0
0.0,41.0,23.0
0.01,64.0,33.0
0.0,49.0,20.0
0.0,86.0,53.0
0.0,65.0,33.0
0.0,39.0,20.0
0.0,46.0,31.0
0.01,18.0,-13.0
0.17,51.0,44.0
0.02,-6.0,-14.0
0.49,68.0,51.0
0.01,-14.0,-25.0
0.37,67.0,53.0
0.02,39.0,6.0
0.24,64.0,44.0
0.0,46.0,23.0
0.08,46.0,41.0
0.0,41.0,8.0
0.0,73.0,50.0
0.0,70.0,41.0
0.0,76.0,51.0
0.0,59.0,37.0
0.01,14.0,-5.0
0.0,30.0,5.0
0.0,40.0,16.0
0.0,19.0,8.0
0.34,18.0,13.0
0.01,40.0,23.0
0.0,73.0,59.0
0.0,47.0,24.0
0.08,68.0,47.0
2.05,46.0,40.0
0.0,80.0,45.0
0.0,74.0,35.0
0.0,51.0,19.0
0.22,60.0,48.0
0.0,44.0,22.0
0.0,33.0,4.0
0.0,42.0,6.0
0.0,-5.0,-9.0
0.08,61.0,49.0
0.01,-8.0,-18.0
0.0,45.0,30.0
0.0,50.0,34.0
0.0,44.0,22.0
0.0,79.0,41.0
0.0,15.0,3.0
0.0,42.0,18.0
0.0,65.0,33.0
0.0,86.0,52.0
0.0,49.0,20.0
0.0,53.0,32.0
0.0,67.0,35.0
0.02,45.0,18.0
0.0,62.0,31.0
0.05,51.0,26.0
0.0,68.0,45.0
0.0,40.0,26.0
0.0,29.0,-5.0
0.0,42.0,-7.0
0.01,20.0,11.0
0.01,78.0,45.0
0.0,55.0,24.0
0.0,58.0,29.0
0.41,41.0,33.0
0.0,63.0,39.0
0.0,67.0,40.0
0.0,69.0,35.0
0.02,31.0,15.0
0.0,68.0,24.0
0.0,49.0,24.0
0.31,76.0,48.0
0.03,22.0,12.0
0.01,72.0,48.0
0.02,69.0,52.0
0.0,40.0,16.0
0.0,62.0,42.0
0.01,71.0,54.0
0.0,26.0,18.0
0.0,72.0,55.0
0.0,68.0,35.0
0.0,18.0,12.0
0.0,48.0,35.0
0.0,49.0,31.0
0.0,60.0,21.0
0.01,40.0,15.0
0.01,61.0,34.0
0.04,75.0,52.0
0.08,42.0,31.0
0.01,36.0,17.0
0.0,35.0,8.0
0.03,44.0,22.0
0.02,83.0,55.0
0.13,66.0,48.0
0.0,-9.0,-27.0
0.0,36.0,15.0
0.0,78.0,51.0
0.02,41.0,20.0
0.0,80.0,54.0
0.0,44.0,21.0
0.0,70.0,37.0
0.0,38.0,19.0
0.01,20.0,-1.0
0.0,30.0,5.0
0.0,80.0,38.0
0.01,68.0,47.0
0.02,62.0,33.0
0.0,62.0,38.0
0.0,46.0,25.0
0.01,69.0,46.0
0.0,61.0,27.0
0.0,26.0,20.0
0.03,49.0,32.0
0.0,73.0,43.0
0.0,39.0,20.0
0.03,48.0,23.0
0.36,79.0,56.0
0.0,19.0,-6.0
0.0,62.0,44.0
0.02,28.0,17.0
0.0,27.0,8.0
0.02,16.0,6.0
0.16,73.0,48.0
0.32,26.0,0.0
0.01,49.0,23.0
0.02,57.0,32.0
0.0,19.0,15.0
0.01,70.0,39.0
0.01,33.0,9.0
0.0,74.0,53.0
0.0,58.0,41.0
0.0,3.0,-6.0
0.04,11.0,-6.0
0.0,70.0,52.0
0.0,57.0,28.0
0.0,57.0,33.0
0.0,9.0,-1.0
0.0,0.0,-8.0
0.0,58.0,28.0
0.04,46.0,25.0
0.0,81.0,50.0
0.0,44.0,33.0
0.0,61.0,33.0
0.0,83.0,49.0
0.0,47.0,32.0
0.0,71.0,51.0
0.0,71.0,40.0
0.0,57.0,27.0
0.0,44.0,22.0
0.02,68.0,54.0
0.0,50.0,28.0
0.0,-10.0,-19.0
0.0,55.0,26.0
0.08,59.0,41.0
0.01,47.0,5.0
0.01,48.0,23.0
0.0,68.0,44.0
0.0,75.0,47.0
0.0,31.0,9.0
0.0,66.0,34.0
0.0,58.0,27.0
0.01,14.0,-6.0
0.02,65.0,46.0
0.0,85.0,58.0
0.0,65.0,28.0
0.0,11.0,4.0
0.0,55.0,31.0
0.01,31.0,26.0
0.0,6.0,-6.0
0.01,41.0,22.0
0.02,39.0,17.0
0.0,73.0,42.0
0.0,69.0,45.0
0.0,45.0,11.0
0.0,8.0,-8.0
0.01,13.0,-15.0
0.96,48.0,44.0
0.0,56.0,41.0
0.0,75.0,42.0
0.0,46.0,26.0
0.0,66.0,39.0
0.0,72.0,49.0
0.0,80.0,53.0
0.0,75.0,33.0
0.0,58.0,27.0
0.0,55.0,22.0
0.0,17.0,2.0
0.0,30.0,2.0
0.02,49.0,17.0
0.01,42.0,34.0
0.0,10.0,-12.0
0.01,20.0,5.0
0.0,61.0,38.0
0.01,-1.0,-12.0
0.51,56.0,47.0
0.01,31.0,14.0
0.01,48.0,12.0
0.0,55.0,35.0
0.0,67.0,32.0
0.0,51.0,26.0
0.01,13.0,5.0
0.0,58.0,36.0
0.0,59.0,27.0
0.4,58.0,50.0
0.0,44.0,19.0
0.0,74.0,43.0
0.17,37.0,33.0
0.0,78.0,47.0
0.0,18.0,9.0
0.0,38.0,11.0
0.01,41.0,23.0
0.04,33.0,17.0
0.02,33.0,22.0
0.0,53.0,34.0
0.26,73.0,49.0
0.0,83.0,56.0
0.0,53.0,25.0
0.0,76.0,44.0
0.0,67.0,49.0
0.0,58.0,26.0
0.0,38.0,27.0
0.0,83.0,47.0
1.16,53.0,41.0
0.0,71.0,44.0
0.0,93.0,57.0
0.59,75.0,48.0
0.0,65.0,33.0
0.0,77.0,50.0
0.03,51.0,36.0
0.03,62.0,48.0
0.0,75.0,55.0
0.0,79.0,51.0
0.07,35.0,27.0
0.03,58.0,34.0
0.05,40.0,33.0
0.0,75.0,51.0
0.0,56.0,36.0
0.0,55.0,27.0
0.0,42.0,25.0
0.0,40.0,12.0
0.0,6.0,-20.0
0.0,67.0,40.0
0.0,46.0,19.0
0.31,51.0,35.0
0.0,12.0,7.0
0.06,81.0,52.0
0.01,76.0,46.0
0.0,62.0,32.0
0.0,49.0,29.0
0.0,29.0,6.0
0.0,-11.0,-25.0
0.01,52.0,27.0
0.06,69.0,54.0
0.0,40.0,21.0
0.35,44.0,35.0
0.0,45.0,11.0
0.0,45.0,22.0
0.0,48.0,28.0
0.0,57.0,50.0
0.01,38.0,21.0
0.02,45.0,28.0
0.0,49.0,18.0
0.0,79.0,52.0
0.0,86.0,51.0
0.0,2.0,-14.0
0.01,16.0,6.0
0.06,49.0,32.0
0.13,57.0,38.0
0.0,63.0,35.0
0.15,10.0,-5.0
0.0,34.0,17.0
0.0,30.0,17.0
0.0,47.0,31.0
0.0,34.0,18.0
0.0,56.0,27.0
0.0,74.0,45.0
0.0,69.0,49.0
0.0,62.0,31.0
0.02,0.0,-11.0
0.0,39.0,24.0
0.0,74.0,42.0
0.0,56.0,30.0
0.0,85.0,49.0
0.0,44.0,26.0
0.0,37.0,31.0
0.02,50.0,22.0
0.0,88.0,52.0
0.0,75.0,45.0
0.0,76.0,55.0
0.01,38.0,23.0
0.0,53.0,26.0
0.0,37.0,6.0
0.0,79.0,47.0
0.0,54.0,15.0
0.08,30.0,26.0
0.0,75.0,51.0
0.0,77.0,43.0
0.0,81.0,56.0
0.0,66.0,44.0
0.03,69.0,49.0
0.0,40.0,24.0
0.01,34.0,19.0
0.0,47.0,28.0
0.0,42.0,22.0
0.0,74.0,54.0
0.0,46.0,31.0
0.0,13.0,-2.0
0.01,77.0,48.0
0.03,78.0,52.0
0.0,72.0,63.0
0.01,49.0,31.0
0.01,80.0,51.0
0.0,83.0,58.0
0.0,50.0,29.0
0.0,71.0,44.0
0.0,68.0,44.0
0.0,53.0,28.0
0.03,1.0,-20.0
0.0,11.0,-10.0
0.0,45.0,30.0
0.0,27.0,-15.0
0.0,72.0,47.0
0.02,63.0,22.0
0.0,72.0,42.0
0.0,59.0,40.0
0.0,27.0,11.0
0.0,61.0,36.0
0.0,74.0,60.0
0.05,68.0,45.0
0.04,19.0,6.0
0.0,41.0,21.0
0.0,55.0,36.0
0.0,43.0,26.0
0.15,80.0,53.0
0.02,49.0,32.0
0.0,28.0,3.0
0.02,67.0,59.0
0.0,39.0,25.0
0.0,67.0,39.0
0.16,65.0,53.0
0.0,57.0,32.0
0.04,30.0,22.0
0.15,22.0,2.0
0.0,44.0,18.0
0.0,16.0,-14.0
0.0,25.0,2.0
0.02,54.0,46.0
0.0,58.0,25.0
0.0,68.0,47.0
0.0,53.0,22.0
0.0,68.0,50.0
0.22,53.0,48.0
0.0,76.0,51.0
0.11,31.0,18.0
0.0,82.0,45.0
1.25,67.0,53.0
0.0,39.0,25.0
0.0,1.0,-12.0
0.0,56.0,27.0
0.0,87.0,52.0
0.0,63.0,47.0
0.0,-5.0,-26.0
0.0,20.0,7.0
0.05,34.0,13.0
0.06,45.0,29.0
0.0,43.0,29.0
0.0,33.0,11.0
0.91,86.0,59.0
0.0,56.0,30.0
0.04,11.0,-6.0
0.09,48.0,38.0
0.0,42.0,5.0
0.0,48.0,24.0
0.0,45.0,20.0
0.52,34.0,28.0
0.02,70.0,47.0
0.15,64.0,36.0
0.0,54.0,23.0
0.0,82.0,50.0
0.43,43.0,38.0
0.0,48.0,24.0
0.0,26.0,8.0
0.08,21.0,-2.0
0.0,27.0,4.0
0.11,32.0,25.0
0.0,29.0,20.0
0.0,65.0,33.0
0.0,35.0,23.0
0.0,49.0,22.0
0.02,64.0,55.0
0.0,58.0,48.0
0.0,36.0,11.0
0.0,62.0,44.0
0.0,79.0,51.0
0.0,66.0,46.0
0.01,-5.0,-13.0
0.0,90.0,54.0
0.0,39.0,16.0
0.0,67.0,41.0
0.01,42.0,10.0
0.0,14.0,-8.0
0.0,55.0,15.0
0.0,13.0,3.0
0.03,68.0,55.0
0.03,36.0,19.0
0.0,63.0,33.0
0.0,36.0,13.0
0.0,75.0,45.0
0.06,38.0,18.0
0.0,20.0,-3.0
0.01,73.0,54.0
0.02,22.0,10.0
0.0,52.0,28.0
0.0,74.0,48.0
0.0,60.0,39.0
0.0,70.0,45.0
0.0,78.0,44.0
0.0,53.0,28.0
0.0,35.0,25.0
0.09,37.0,8.0
0.01,88.0,62.0
0.07,53.0,35.0
0.0,74.0,60.0
0.0,44.0,24.0
0.28,39.0,33.0
0.0,35.0,2.0
0.0,39.0,22.0
0.0,79.0,44.0
0.17,69.0,54.0
0.0,39.0,23.0
0.07,35.0,27.0
0.0,9.0,-5.0
0.07,17.0,2.0
0.0,61.0,40.0
0.0,73.0,39.0
0.0,43.0,23.0
0.04,14.0,0.0
0.0,50.0,11.0
0.0,28.0,10.0
0.0,74.0,50.0
0.01,55.0,35.0
0.0,63.0,32.0
0.42,66.0,55.0
0.0,33.0,8.0
0.04,41.0,30.0
0.0,78.0,43.0
0.11,26.0,15.0
0.0,51.0,12.0
0.0,59.0,31.0
0.02,66.0,35.0
0.0,86.0,49.0
0.0,47.0,33.0
0.13,58.0,42.0
0.0,95.0,57.0
0.13,76.0,45.0
0.0,0.0,-21.0
0.01,48.0,20.0
0.0,57.0,25.0
0.12,22.0,19.0
0.0,38.0,10.0
0.0,9.0,0.0
0.0,78.0,46.0
0.28,71.0,50.0
0.0,38.0,21.0
0.0,25.0,-7.0
0.27,68.0,54.0
0.0,50.0,33.0
0.01,3.0,-10.0
0.12,76.0,50.0
0.0,33.0,7.0
0.0,45.0,30.0
0.39,44.0,29.0
0.0,56.0,40.0
0.0,85.0,57.0
0.0,45.0,19.0
0.27,44.0,42.0
0.0,71.0,45.0
0.0,58.0,31.0
0.11,55.0,29.0
0.0,43.0,21.0
0.0,76.0,43.0
0.08,71.0,49.0
0.0,57.0,34.0
1.16,80.0,48.0
0.11,27.0,0.0
0.0,76.0,43.0
0.0,46.0,26.0
0.0,73.0,46.0
0.0,62.0,30.0
0.46,65.0,48.0
0.0,17.0,9.0
0.0,19.0,4.0
0.0,22.0,5.0
0.14,58.0,40.0
0.0,63.0,43.0
0.0,77.0,53.0
0.0,62.0,46.0
0.3,75.0,56.0
0.37,5.0,-18.0
0.0,57.0,32.0
0.0,89.0,57.0
0.0,50.0,31.0
0.0,45.0,30.0
0.02,34.0,24.0
0.0,40.0,29.0
0.04,68.0,53.0
0.28,34.0,29.0
0.04,45.0,38.0
0.0,46.0,21.0
0.06,79.0,50.0
0.0,73.0,56.0
0.07,20.0,13.0
0.11,52.0,47.0
0.06,7.0,0.0
0.03,83.0,49.0
0.0,61.0,32.0
0.0,52.0,33.0
0.0,55.0,34.0
0.0,41.0,25.0
0.0,20.0,9.0
0.37,58.0,39.0
0.0,79.0,57.0
0.02,35.0,11.0
0.0,65.0,41.0
0.0,22.0,12.0
0.0,44.0,16.0
0.0,14.0,4.0
0.0,84.0,47.0
0.02,36.0,2.0
0.02,86.0,52.0
0.0,67.0,45.0
0.0,64.0,26.0
0.0,26.0,13.0
0.0,73.0,47.0
0.09,70.0,46.0
0.0,42.0,23.0
0.0,81.0,44.0
0.0,7.0,-1.0
0.0,50.0,25.0
0.0,41.0,28.0
0.01,0.0,-12.0
0.03,45.0,32.0
0.0,54.0,20.0
0.11,50.0,39.0
0.0,85.0,54.0
0.0,72.0,27.0
0.0,71.0,50.0
0.09,72.0,51.0
0.0,26.0,9.0
0.0,43.0,18.0
0.01,59.0,44.0
0.0,42.0,32.0
0.07,40.0,26.0
0.03,19.0,-6.0
0.0,70.0,42.0
0.0,41.0,17.0
0.39,67.0,51.0
0.0,81.0,46.0
0.06,68.0,44.0
0.09,-4.0,-12.0
0.0,70.0,48.0
0.0,33.0,18.0
0.0,68.0,39.0
0.0,80.0,37.0
0.01,54.0,40.0
0.0,-1.0,-22.0
0.0,46.0,29.0
0.31,62.0,42.0
0.0,47.0,23.0
0.09,30.0,18.0
0.0,58.0,41.0
0.01,45.0,7.0
0.0,67.0,46.0
0.0,62.0,40.0
0.0,56.0,38.0
0.01,61.0,42.0
0.02,44.0,23.0
0.0,39.0,4.0
0.01,56.0,42.0
0.0,70.0,44.0
0.0,41.0,26.0
0.08,21.0,-8.0
0.0,32.0,9.0
0.0,-4.0,-15.0
0.0,23.0,14.0
0.02,60.0,42.0
0.0,20.0,6.0
0.0,69.0,47.0
0.0,33.0,12.0
0.0,46.0,18.0
0.38,69.0,48.0
0.0,62.0,36.0
0.0,68.0,42.0
0.0,-1.0,-8.0
0.0,44.0,5.0
0.01,76.0,52.0
0.0,48.0,19.0
0.03,84.0,46.0
0.1,68.0,47.0
0.0,86.0,47.0
0.0,18.0,14.0
0.0,41.0,9.0
0.06,15.0,1.0
0.0,39.0,22.0
0.0,47.0,24.0
0.0,28.0,2.0
0.0,30.0,19.0
0.0,7.0,-23.0
0.06,22.0,17.0
0.02,33.0,25.0
0.0,46.0,21.0
0.02,59.0,45.0
0.0,53.0,18.0
0.0,65.0,55.0
0.0,43.0,29.0
0.0,32.0,6.0
0.0,29.0,10.0
0.07,55.0,26.0
0.0,42.0,16.0
1.16,64.0,38.0
0.01,33.0,6.0
0.0,70.0,49.0
0.01,62.0,33.0
0.0,57.0,37.0
0.03,18.0,9.0
0.01,59.0,27.0
0.09,60.0,48.0
0.0,29.0,8.0
0.0,44.0,17.0
0.0,60.0,33.0
0.0,43.0,20.0
0.0,43.0,24.0
0.0,41.0,27.0
0.0,46.0,23.0
0.0,71.0,44.0
0.0,39.0,24.0
0.0,26.0,-9.0
0.0,59.0,34.0
0.0,47.0,29.0
0.01,18.0,13.0
0.0,18.0,2.0
0.21,64.0,39.0
0.0,53.0,31.0
0.0,45.0,23.0
0.01,39.0,17.0
0.0,49.0,31.0
0.0,83.0,51.0
0.0,48.0,42.0
0.0,4.0,-11.0
0.0,34.0,17.0
0.0,19.0,-12.0
0.0,74.0,46.0
0.0,40.0,17.0
0.0,-17.0,-25.0
0.2,52.0,33.0
0.01,76.0,52.0
0.03,74.0,52.0
0.0,59.0,39.0
0.0,43.0,23.0
0.0,70.0,52.0
0.0,79.0,50.0
0.0,-19.0,-27.0
0.01,27.0,17.0
0.0,2.0,-3.0
0.0,71.0,41.0
0.01,47.0,24.0
0.03,87.0,50.0
0.0,37.0,27.0
0.0,65.0,39.0
0.0,55.0,35.0
0.0,42.0,23.0
0.0,31.0,16.0
0.0,42.0,21.0
0.0,45.0,13.0
0.01,11.0,8.0
0.05,56.0,37.0
0.0,39.0,20.0
0.0,72.0,40.0
0.0,57.0,26.0
0.0,59.0,47.0
0.06,62.0,48.0
0.0,55.0,22.0
0.0,71.0,37.0
0.07,48.0,34.0
0.0,68.0,41.0
0.0,34.0,9.0
0.0,71.0,49.0
0.09,70.0,50.0
0.0,45.0,22.0
0.0,87.0,48.0
0.0,82.0,54.0
0.0,32.0,9.0
0.04,49.0,21.0
0.0,61.0,32.0
0.23,70.0,49.0
0.0,69.0,51.0
0.0,23.0,3.0
0.0,45.0,26.0
0.02,23.0,13.0
0.0,74.0,39.0
0.0,46.0,32.0
0.0,36.0,8.0
0.0,76.0,51.0
0.32,60.0,53.0
0.0,60.0,30.0
0.0,43.0,18.0
0.0,54.0,29.0
0.0,29.0,13.0
0.0,48.0,26.0
0.0,79.0,51.0
0.04,9.0,-1.0
0.15,13.0,-1.0
0.13,53.0,31.0
0.0,49.0,36.0
0.0,79.0,48.0
0.0,25.0,-12.0
0.0,82.0,49.0
0.01,48.0,31.0
0.04,61.0,34.0
0.16,70.0,43.0
0.08,49.0,38.0
0.0,32.0,9.0
0.11,57.0,47.0
0.0,72.0,46.0
0.0,38.0,21.0
0.54,72.0,57.0
0.0,39.0,22.0
0.0,30.0,22.0
0.0,55.0,37.0
0.0,37.0,6.0
0.01,71.0,40.0
0.0,12.0,-1.0
0.0,51.0,29.0
0.0,42.0,32.0
0.0,34.0,21.0
0.0,46.0,19.0
0.01,69.0,48.0
0.0,54.0,26.0
0.0,53.0,20.0
0.03,65.0,45.0
0.0,33.0,10.0
0.0,55.0,31.0
0.01,79.0,48.0
0.0,81.0,53.0
0.27,40.0,32.0
0.0,38.0,24.0
0.0,39.0,25.0
0.0,62.0,29.0
0.0,65.0,36.0
0.2,35.0,28.0
0.0,83.0,51.0
0.0,34.0,25.0
0.01,46.0,0.0
0.18,59.0,42.0
0.0,80.0,45.0
0.0,62.0,35.0
0.0,68.0,28.0
0.0,63.0,38.0
0.0,36.0,7.0
0.0,57.0,36.0
0.0,86.0,46.0
0.0,55.0,29.0
0.0,71.0,50.0
0.03,40.0,16.0
0.0,41.0,18.0
0.0,31.0,20.0
0.0,34.0,24.0
0.15,80.0,47.0
0.02,36.0,23.0
0.15,40.0,25.0
0.0,-1.0,-24.0
0.0,83.0,53.0
0.0,69.0,53.0
0.01,51.0,27.0
0.0,44.0,26.0
0.0,70.0,40.0
0.0,50.0,25.0
0.0,60.0,41.0
0.0,76.0,44.0
0.0,71.0,51.0
1.26,51.0,33.0
0.0,35.0,11.0
0.0,74.0,37.0
0.0,40.0,17.0
0.01,78.0,51.0
0.0,77.0,50.0
0.07,57.0,42.0
0.35,68.0,46.0
0.0,53.0,29.0
0.0,79.0,51.0
0.0,27.0,9.0
0.0,27.0,2.0
0.0,50.0,33.0
0.0,72.0,41.0
0.14,66.0,49.0
0.0,75.0,58.0
0.06,14.0,-1.0
0.0,48.0,20.0
0.01,77.0,54.0
0.0,42.0,24.0
0.0,28.0,8.0
0.02,66.0,41.0
0.0,33.0,-3.0
0.0,24.0,-2.0
0.0,27.0,17.0
0.0,40.0,13.0
0.05,58.0,38.0
0.03,65.0,46.0
0.0,68.0,39.0
0.13,62.0,52.0
0.02,80.0,47.0
0.04,60.0,50.0
0.0,-15.0,-26.0
0.0,39.0,10.0
0.0,30.0,2.0
0.0,64.0,33.0
0.0,93.0,53.0
0.11,35.0,22.0
0.0,49.0,30.0
0.0,64.0,41.0
0.0,71.0,51.0
0.0,50.0,28.0
0.0,35.0,25.0
0.0,68.0,51.0
0.34,48.0,39.0
0.0,57.0,38.0
0.01,61.0,49.0
0.0,68.0,42.0
0.0,31.0,22.0
0.19,28.0,13.0
0.0,24.0,-4.0
0.02,50.0,20.0
0.0,40.0,24.0
0.04,85.0,54.0
0.0,38.0,28.0
0.0,72.0,61.0
0.02,33.0,25.0
0.04,29.0,-1.0
0.0,50.0,30.0
0.0,63.0,41.0
0.0,87.0,50.0
0.0,85.0,49.0
0.0,51.0,33.0
0.0,19.0,-5.0
0.06,78.0,52.0
0.0,74.0,51.0
0.0,41.0,21.0
0.26,-4.0,-16.0
0.0,67.0,35.0
0.04,44.0,25.0
0.0,35.0,26.0
0.16,28.0,17.0
0.0,21.0,0.0
0.0,67.0,34.0
0.0,37.0,21.0
0.0,39.0,22.0
0.0,25.0,10.0
0.0,61.0,25.0
0.02,42.0,15.0
0.0,84.0,53.0
0.0,39.0,24.0
0.0,62.0,29.0
0.23,61.0,43.0
0.13,53.0,40.0
0.0,63.0,38.0
0.0,70.0,47.0
0.0,14.0,-5.0
0.0,61.0,41.0
0.1,36.0,24.0
0.01,61.0,41.0
0.02,68.0,47.0
0.01,40.0,12.0
0.01,78.0,43.0
0.0,74.0,43.0
0.0,67.0,41.0
0.01,11.0,-3.0
0.0,74.0,43.0
0.0,39.0,18.0
0.0,29.0,15.0
0.0,54.0,24.0
0.0,77.0,58.0
0.0,54.0,30.0
0.0,52.0,20.0
0.01,63.0,37.0
0.0,54.0,33.0
0.54,48.0,32.0
0.0,49.0,29.0
0.0,33.0,20.0
0.0,47.0,15.0
0.0,19.0,-3.0
0.0,45.0,28.0
0.0,75.0,53.0
0.0,42.0,8.0
0.0,39.0,24.0
0.0,49.0,11.0
0.0,69.0,42.0
0.0,39.0,8.0
0.24,69.0,51.0
0.12,14.0,6.0
0.0,71.0,39.0
0.04,-19.0,-26.0
0.0,40.0,29.0
0.09,62.0,43.0
0.04,65.0,47.0
0.0,44.0,32.0
0.09,38.0,25.0
0.09,20.0,9.0
0.0,67.0,42.0
0.02,63.0,46.0
0.37,34.0,8.0
0.03,57.0,43.0
0.0,23.0,10.0
0.0,-6.0,-11.0
0.0,47.0,33.0
0.0,77.0,49.0
0.75,29.0,24.0
0.0,24.0,4.0
0.0,70.0,41.0
0.0,45.0,31.0
0.0,77.0,49.0
0.03,88.0,49.0
0.0,77.0,54.0
0.11,72.0,41.0
0.0,31.0,26.0
0.0,45.0,16.0
0.0,80.0,52.0
0.0,29.0,12.0
0.0,47.0,30.0
2.35,70.0,50.0
0.0,28.0,-1.0
0.0,49.0,36.0
0.0,42.0,20.0
0.05,67.0,50.0
0.01,34.0,18.0
0.0,56.0,26.0
0.0,42.0,23.0
0.0,40.0,15.0
0.0,82.0,59.0
0.0,81.0,56.0
0.0,38.0,22.0
0.0,62.0,39.0
0.0,62.0,22.0
0.15,66.0,50.0
0.0,46.0,33.0
0.0,-2.0,-19.0
0.0,41.0,30.0
0.0,63.0,46.0
0.0,43.0,23.0
0.0,41.0,18.0
0.0,42.0,24.0
0.0,97.0,61.0
0.0,62.0,35.0
0.26,74.0,54.0
0.03,58.0,47.0
0.01,44.0,33.0
0.0,26.0,8.0
0.0,45.0,22.0
0.0,22.0,11.0
0.0,52.0,32.0
0.06,56.0,43.0
0.01,79.0,48.0
0.0,47.0,30.0
0.0,67.0,44.0
0.1,36.0,19.0
0.0,46.0,31.0
0.0,29.0,4.0
0.03,57.0,25.0
0.06,61.0,40.0
0.0,49.0,35.0
0.0,30.0,2.0
0.0,55.0,45.0
0.0,43.0,15.0
0.0,53.0,26.0
0.0,57.0,22.0
0.01,83.0,55.0
0.0,89.0,51.0
0.0,-13.0,-18.0
0.19,45.0,38.0
0.0,29.0,25.0
0.02,68.0,47.0
0.0,47.0,21.0
0.0,29.0,2.0
0.0,53.0,29.0
0.0,50.0,20.0
0.04,44.0,31.0
0.0,63.0,42.0
0.01,-17.0,-25.0
0.45,48.0,33.0
0.0,44.0,24.0
0.0,72.0,48.0
0.0,33.0,3.0
0.03,-1.0,-12.0
0.0,14.0,9.0
0.0,54.0,20.0
0.0,74.0,49.0
0.0,12.0,6.0
0.0,65.0,35.0
0.0,33.0,19.0
0.0,52.0,12.0
0.0,71.0,38.0
0.0,72.0,35.0
0.0,42.0,3.0
0.0,40.0,24.0
0.0,58.0,23.0
0.01,38.0,7.0
0.0,39.0,16.0
0.15,52.0,33.0
0.0,28.0,6.0
0.01,77.0,48.0
0.0,38.0,21.0
0.06,6.0,-10.0
0.11,37.0,10.0
0.0,49.0,23.0
0.0,45.0,29.0
0.0,74.0,45.0
0.0,50.0,32.0
0.08,25.0,10.0
0.0,-2.0,-13.0
0.0,55.0,24.0
0.0,80.0,54.0
0.01,54.0,40.0
0.0,53.0,29.0
0.01,44.0,22.0
0.26,66.0,50.0
0.0,47.0,20.0
0.02,25.0,1.0
0.0,51.0,35.0
0.0,37.0,19.0
0.0,59.0,27.0
0.0,74.0,40.0
0.0,53.0,24.0
0.0,50.0,28.0
0.0,80.0,51.0
0.02,66.0,45.0
0.0,41.0,30.0
0.0,58.0,27.0
0.0,62.0,33.0
0.0,42.0,29.0
0.0,68.0,45.0
0.0,48.0,20.0
0.0,63.0,42.0
0.0,76.0,38.0
0.42,73.0,54.0
0.0,15.0,-20.0
0.0,78.0,54.0
0.01,45.0,26.0
0.0,44.0,-2.0
0.0,65.0,40.0
0.0,74.0,40.0
0.0,43.0,23.0
0.0,64.0,43.0
0.02,81.0,52.0
0.0,24.0,-2.0
0.0,33.0,18.0
0.04,73.0,43.0
0.0,63.0,35.0
0.0,69.0,50.0
0.01,22.0,8.0
0.0,56.0,30.0
0.0,85.0,53.0
0.0,36.0,10.0
0.02,58.0,23.0
0.06,54.0,39.0
0.0,36.0,30.0
0.0,67.0,36.0
0.0,36.0,18.0
0.02,59.0,43.0
0.0,59.0,38.0
0.0,58.0,33.0
0.0,34.0,20.0
0.48,65.0,52.0
0.07,54.0,46.0
0.02,12.0,-5.0
1.16,43.0,39.0
0.0,76.0,45.0
0.06,58.0,36.0
0.0,75.0,54.0
0.0,11.0,-3.0
0.0,70.0,33.0
0.01,79.0,47.0
0.0,44.0,17.0
0.0,31.0,6.0
0.0,44.0,28.0
0.27,42.0,33.0
0.01,73.0,50.0
0.78,66.0,52.0
0.0,68.0,38.0
0.04,76.0,50.0
0.0,41.0,16.0
0.01,50.0,21.0
0.0,43.0,11.0
0.0,39.0,5.0
0.0,54.0,27.0
0.06,72.0,48.0
0.0,58.0,47.0
0.0,36.0,15.0
0.0,51.0,21.0
0.0,76.0,53.0
0.14,38.0,28.0
0.0,21.0,7.0
0.02,45.0,18.0
0.0,41.0,18.0
0.26,67.0,47.0
0.0,39.0,21.0
0.0,42.0,21.0
0.0,64.0,38.0
0.03,61.0,39.0
0.0,75.0,46.0
0.0,60.0,29.0
0.0,-2.0,-13.0
0.05,73.0,47.0
0.0,10.0,0.0
0.02,71.0,43.0
0.04,34.0,26.0
0.19,67.0,45.0
0.0,43.0,27.0
0.03,48.0,21.0
0.0,74.0,49.0
0.0,57.0,30.0
0.0,46.0,24.0
0.0,58.0,35.0
0.0,42.0,25.0
0.0,53.0,26.0
0.0,69.0,45.0
0.0,14.0,4.0
0.05,19.0,-16.0
0.0,17.0,2.0
0.0,24.0,9.0
0.0,74.0,49.0
0.0,82.0,44.0
0.0,40.0,17.0
0.07,23.0,8.0
0.0,78.0,44.0
0.02,10.0,0.0
0.05,74.0,56.0
0.03,42.0,34.0
0.0,33.0,10.0
0.0,76.0,43.0
0.0,69.0,43.0
0.14,76.0,50.0
0.0,43.0,26.0
0.0,78.0,58.0
0.0,34.0,21.0
0.01,49.0,32.0
0.0,53.0,33.0
0.02,76.0,50.0
0.0,56.0,39.0
0.0,56.0,30.0
0.01,45.0,23.0
0.0,66.0,45.0
0.0,83.0,49.0
0.0,57.0,33.0
0.0,71.0,39.0
0.0,77.0,44.0
0.0,56.0,29.0
0.0,76.0,40.0
0.0,44.0,31.0
0.0,53.0,18.0
0.0,49.0,18.0
0.0,22.0,14.0
0.0,58.0,33.0
0.0,57.0,34.0
0.0,-9.0,-27.0
0.0,81.0,53.0
0.01,74.0,47.0
0.01,42.0,18.0
0.04,64.0,58.0
0.0,47.0,27.0
0.0,48.0,30.0
0.0,48.0,33.0
0.11,29.0,19.0
0.03,60.0,38.0
0.0,71.0,43.0
0.0,18.0,6.0
0.07,42.0,32.0
0.02,70.0,36.0
0.06,58.0,22.0
0.0,39.0,28.0
0.0,38.0,20.0
0.0,60.0,34.0
0.0,53.0,33.0
0.0,69.0,39.0
0.0,88.0,48.0
0.0,80.0,40.0
0.14,20.0,15.0
0.78,65.0,52.0
0.33,68.0,46.0
0.0,80.0,39.0
0.0,32.0,23.0
0.0,68.0,54.0
0.01,23.0,11.0
0.0,42.0,16.0
0.0,31.0,7.0
0.0,40.0,22.0
0.01,28.0,17.0
0.37,51.0,34.0
0.0,62.0,40.0
0.0,53.0,21.0
0.01,78.0,47.0
0.13,64.0,50.0
0.0,67.0,37.0
0.07,57.0,40.0
0.0,36.0,22.0
0.0,62.0,29.0
0.0,39.0,14.0
0.0,42.0,19.0
0.0,76.0,44.0
0.02,14.0,4.0
0.0,46.0,27.0
0.0,42.0,30.0
0.15,42.0,32.0
0.12,40.0,32.0
0.0,-5.0,-15.0
0.03,39.0,19.0
0.0,81.0,53.0
0.0,57.0,28.0
0.0,37.0,8.0
0.0,56.0,26.0
0.0,3.0,-12.0
0.0,79.0,51.0
0.02,63.0,46.0
0.63,42.0,33.0
0.15,60.0,51.0
0.18,62.0,47.0
0.0,7.0,-12.0
0.0,68.0,35.0
0.0,33.0,24.0
0.0,78.0,51.0
0.0,62.0,31.0
0.01,26.0,19.0
0.0,32.0,28.0
0.0,57.0,35.0
0.0,15.0,1.0
0.27,72.0,47.0
0.0,72.0,45.0
0.0,60.0,27.0
